{"0":0.8204250692,"1":0.8139807959,"2":0.8013743505,"3":0.8049751654,"4":0.8085040762,"5":0.7993275195,"6":0.7487668257,"7":0.7579943036,"8":0.7436488577,"9":0.7443972024,"10":0.7354704697,"11":0.7039730409,"12":0.7311193048,"13":0.6955845232,"14":0.7089085369,"15":0.7003036843,"16":0.6922641136,"17":0.6903131285,"18":0.6932647978,"19":0.6669886798,"20":0.6744944191,"21":0.6900708311,"22":0.6611866926,"23":0.672835403,"24":0.6629396493,"25":0.6865011555,"26":0.6205904669,"27":0.5898858234,"28":0.465394457,"29":0.5376333272,"30":0.5196707679,"31":0.6546508612,"32":0.3704203155,"33":0.527633672,"34":0.5290729646,"35":0.6388520202,"36":0.4874868648,"37":0.3704660246,"38":0.514076633,"39":0.3607505134,"40":0.5527983703,"41":0.5195938171,"42":0.6116689486,"43":0.5609001007,"44":0.5681551362,"45":0.4408643362,"46":0.5228801955,"47":0.643475528,"48":0.3056252229,"49":0.5717041293,"50":0.4127547788,"51":0.4645701878,"52":0.3478563152,"53":0.3370253632,"54":0.4598995489,"55":0.6582686404,"56":0.6668072363,"57":0.5820357093,"58":0.6180043971,"59":0.4644783762,"60":0.4730799832,"61":0.4479270857,"62":0.547507294,"63":0.3756406122,"64":0.4804604219,"65":0.5184083647,"66":0.3580082547,"67":0.2612471256,"68":0.5761547262,"69":0.5317705585,"70":0.6313179544,"71":0.4974930073,"72":0.3862862676,"73":0.4566591473,"74":0.5376573189,"75":0.4065133478,"76":0.6411428168,"77":0.5487550827,"78":0.4368512515,"79":0.5200566382,"80":0.4799075928,"81":0.6070512114,"82":0.4764458299,"83":0.5455566767,"84":0.3791058044,"85":0.5143809755,"86":0.5125275053,"87":0.4435327545,"88":0.6286958154,"89":0.5635247739,"90":0.5416327605,"91":0.6555290205,"92":0.3518072866,"93":0.5931365423,"94":0.4655236669,"95":0.4901164591,"96":0.2796276042,"97":0.5195580968,"98":0.2441350741,"99":0.3544273225}